Preco_Spot;Custo_Geracao
115.80859722068242;0.10965991224743837
80.08525815380895;0.10298223673950059
81.1372943636796;0.10699648788730519
94.04646326920863;0.10424279923008363
95.92118105993184;0.10865756841994417
81.500868379298;0.10866246863445128
90.24065947169566;0.10807092156519173
97.33461332271094;0.10829002933419418
113.64778960089717;0.10475211088966367
105.19987744095928;0.10725016346995321
110.76453953522568;0.10149897916035043
