Preco_Spot;Custo_Geracao
89.20945379094827;0.10578653487807106
91.77096864539017;0.10223091611837985
109.35154062338846;0.1018381934833386
117.31644031006817;0.10738895230147497
87.95518752758386;0.10323220459631272
97.05162293972245;0.10643747879790562
82.71341013968151;0.10674917287656939
103.52502372526557;0.10582599027181683
115.64610528790269;0.10700036475073724
96.42367726460384;0.10744517159162212
100.75568023724006;0.10846631310990047
