Preco_Spot;Custo_Geracao
87.30773841361491;0.10961202071627625
116.02880345299113;0.10136872583679622
89.91772281266486;0.10712687633310912
86.70031389837706;0.10379188913658687
87.4260539457215;0.10121169344224722
118.90235098746774;0.10548541812232926
81.54435602684904;0.10407716625769058
110.68734467257744;0.10252576803826781
119.87924093461126;0.10802823526098142
92.30722555479412;0.10551046417968116
95.2023932017514;0.10062213122492578
