Preco_Spot;Custo_Geracao
119.37585416623278;0.10653331438847298
97.11321173252394;0.10591833530302178
85.31657141282676;0.10697107156276328
88.02978721217143;0.1050957806241304
81.96520945833117;0.10506347681493809
98.62071208312517;0.10714433041916338
93.60008006102947;0.10460213303811786
100.13652960758472;0.10409071250579618
119.26289178330254;0.1063198561616029
100.02830714427319;0.10256724113594022
98.9882094006858;0.10065117476214261
